{
	"info": {
		"_postman_id": "27c9649b-814b-4917-a0b6-d45e4dc3978c",
		"name": "resto",
		"schema": "https://schema.getpostman.com/json/collection/v2.1.0/collection.json"
	},
	"item": [
		{
			"name": "login",
			"request": {
				"method": "GET",
				"header": [],
				"url": {
					"raw": "http://localhost/resto/auth/authentic_log_in?u=redi&p=redi",
					"protocol": "http",
					"host": [
						"localhost"
					],
					"path": [
						"resto",
						"auth",
						"authentic_log_in"
					],
					"query": [
						{
							"key": "u",
							"value": "redi"
						},
						{
							"key": "p",
							"value": "redi"
						}
					]
				},
				"description": "loginreq"
			},
			"response": []
		},
		{
			"name": "makanan_1",
			"request": {
				"method": "GET",
				"header": [],
				"url": {
					"raw": "http://localhost/resto/makanan/get_by_type?p=2",
					"protocol": "http",
					"host": [
						"localhost"
					],
					"path": [
						"resto",
						"makanan",
						"get_by_type"
					],
					"query": [
						{
							"key": "p",
							"value": "2"
						}
					]
				}
			},
			"response": []
		},
		{
			"name": "makanan_2",
			"request": {
				"method": "GET",
				"header": [],
				"url": {
					"raw": "http://localhost/resto/makanan/get_all_data",
					"protocol": "http",
					"host": [
						"localhost"
					],
					"path": [
						"resto",
						"makanan",
						"get_all_data"
					]
				}
			},
			"response": []
		},
		{
			"name": "minuman_1",
			"request": {
				"method": "GET",
				"header": [],
				"url": {
					"raw": "http://localhost/resto/minuman/get_by_type?p=2",
					"protocol": "http",
					"host": [
						"localhost"
					],
					"path": [
						"resto",
						"minuman",
						"get_by_type"
					],
					"query": [
						{
							"key": "p",
							"value": "2"
						}
					]
				}
			},
			"response": []
		},
		{
			"name": "minuman_2",
			"request": {
				"method": "GET",
				"header": [],
				"url": {
					"raw": "http://localhost/resto/minuman/get_all_data",
					"protocol": "http",
					"host": [
						"localhost"
					],
					"path": [
						"resto",
						"minuman",
						"get_all_data"
					]
				}
			},
			"response": []
		}
	]
}